{"last_download_success": 1633016529.5213082, "unseen_downloads": ["/home/dong/.config/variety/Downloaded/Bing/OHR.PicoThorn_ZH-CN0359446116_1920x1080.jpg"], "last_download_failure": 1633022657.7191741}